{"cameraMode":{"drawMode":0,"name":"Shaded","section":"Shading Mode"},"sceneLighting":true,"audioPlay":false,"sceneViewState":{"showFog":true,"showMaterialUpdate":false,"showSkybox":true,"showFlares":true,"showImageEffects":true,"showParticleSystems":true},"in2DMode":false,"pivot":{"x":132.57485961914063,"y":12.802970886230469,"z":122.57131958007813},"rotation":{"x":-0.03751878812909126,"y":0.4074185788631439,"z":0.016758495941758157,"w":0.9123228192329407},"size":63.384498596191409,"orthographic":false}