{"cameraMode":{"drawMode":0,"name":"Shaded","section":"Shading Mode"},"sceneLighting":true,"audioPlay":false,"sceneViewState":{"showFog":true,"showMaterialUpdate":false,"showSkybox":true,"showFlares":true,"showImageEffects":true,"showParticleSystems":true},"in2DMode":false,"pivot":{"x":67.56777954101563,"y":0.5324509143829346,"z":120.67121124267578},"rotation":{"x":0.6790022850036621,"y":-0.0011042121332138777,"z":0.0010134894400835038,"w":0.7341452240943909},"size":40.93203353881836,"orthographic":false}